Algorithm,enwik4,enwik5,enwik6,enwik7,enwik8,enwik9
DEFLATE (ZIP),2.672368,2.871418,2.923387,2.814888,2.848730,3.218474
BZip2,2.637131,3.176418,3.548994,3.430232,3.447504,3.937441
LZMA2 (7z),2.685285,3.022244,3.438411,3.674775,4.032345,4.748240
Code length,2.2576,2.6703,3.0574,3.3668,3.71,4.07